"","data","stato","codice_regione","denominazione_regione","codice_provincia","denominazione_provincia","sigla_provincia","lat","long","totale_casi","note_it","note_en","territory_code","population","regional_territory_code","dt","totale_casi_2020-02-24","totale_casi_2020-02-25","totale_casi_2020-02-26","totale_casi_2020-02-27","totale_casi_2020-02-28","totale_casi_2020-02-29","totale_casi_2020-03-01","totale_casi_2020-03-02","totale_casi_2020-03-03","totale_casi_2020-03-04","totale_casi_2020-03-05","totale_casi_2020-03-06","totale_casi_2020-03-07","totale_casi_2020-03-08","totale_casi_2020-03-09","totale_casi_2020-03-10","totale_casi_2020-03-11","totale_casi_2020-03-12","totale_casi_2020-03-13","totale_casi_2020-03-14","totale_casi_2020-03-15","totale_casi_2020-03-16","totale_casi_2020-03-17","totale_casi_2020-03-18","totale_casi_2020-03-19","totale_casi_2020-03-20","totale_casi_2020-03-21","totale_casi_2020-03-22","totale_casi_2020-03-23","totale_casi_2020-03-24","totale_casi_2020-03-25","totale_casi_2020-03-26","totale_casi_2020-03-27","totale_casi_2020-03-28","totale_casi_2020-03-29","totale_casi_2020-03-30","totale_casi_2020-03-31","totale_casi_2020-04-01","totale_casi_2020-04-02","totale_casi_2020-04-03","totale_casi_2020-04-04","totale_casi_2020-04-05","totale_casi_2020-04-06","totale_casi_2020-04-07","totale_casi_2020-04-08","totale_casi_2020-04-09","totale_casi_2020-04-10","totale_casi_2020-04-11","totale_casi_2020-04-12","totale_casi_2020-04-13","totale_casi_2020-04-14","totale_casi_2020-04-15","totale_casi_2020-04-16","totale_casi_2020-04-17","current_rate","yesterdays_rate","rate_two_days_before","rate_three_days_before","cubic_rate","cubic_perc_rate","current_perc_rate","trend","per_capita"
"5460","2020-04-17T17:00:00","ITA",13,"Abruzzo",69,"Chieti","CH",42.35103167,14.16754574,553,"","","ITF14",385588,"ITF1",2020-04-17,0,0,0,0,0,0,0,0,0,0,2,3,4,4,7,9,9,20,23,25,30,38,41,44,69,80,91,102,129,133,146,175,189,229,266,273,280,292,299,310,317,325,327,343,361,369,392,441,452,465,469,469,499,553,1.10821643286573,1.06396588486141,1,1.00860215053763,1.05645441612654,5.64544161265421,10.8216432865732,5.2,143.41732626534
"5461","2020-04-17T17:00:00","ITA",13,"Abruzzo",66,"L'Aquila","AQ",42.35122196,13.39843823,233,"","","ITF11",299031,"ITF1",2020-04-17,0,0,0,0,0,0,0,0,1,1,1,1,1,1,5,6,6,8,9,13,15,18,19,20,25,29,31,38,40,47,60,64,75,88,101,115,123,128,140,166,174,179,183,189,197,199,213,218,220,220,228,229,232,233,1.00431034482759,1.01310043668122,1.00438596491228,1.03636363636364,1.00725714792238,0.725714792237575,0.43103448275863,-0.3,77.9183429142798
"5462","2020-04-17T17:00:00","ITA",13,"Abruzzo",68,"Pescara","PE",42.46458398,14.21364822,1042,"","","ITF13",318909,"ITF1",2020-04-17,0,0,0,0,0,0,0,0,1,1,1,1,2,8,14,18,18,48,48,65,82,101,138,160,223,259,302,334,370,369,412,445,476,512,576,594,622,631,646,669,700,727,728,756,771,805,838,869,889,930,947,971,1005,1042,1.03681592039801,1.03501544799176,1.02534318901795,1.01827956989247,1.03237920166502,3.23792016650248,3.68159203980098,0.4,326.738975695261
"5463","2020-04-17T17:00:00","ITA",13,"Abruzzo",67,"Teramo","TE",42.6589177,13.70439971,615,"","","ITF12",308052,"ITF1",2020-04-17,0,0,0,1,1,2,5,5,3,3,4,4,4,4,4,5,5,8,9,9,10,19,31,39,68,81,105,113,124,140,195,262,277,304,350,363,376,385,412,418,437,472,483,511,530,558,571,592,599,598,601,605,610,615,1.00819672131148,1.00826446280992,1.00665557404326,1.00501672240803,1.00770531205707,0.770531205707203,0.819672131147531,0,199.64161894745
"5464","2020-04-17T17:00:00","ITA",17,"Basilicata",77,"Matera","MT",40.66751177,16.59792442,170,"","","ITF52",197909,"ITF5",2020-04-17,0,0,0,0,0,0,0,0,0,0,0,1,1,2,3,3,3,3,3,3,4,4,4,5,7,9,8,16,18,25,36,48,53,76,84,92,104,114,118,124,125,136,143,144,145,146,147,151,153,155,155,155,169,170,1.00591715976331,1.09032258064516,1,1,1.03127005598997,3.1270055989971,0.591715976331364,-2.5,85.8980642618577
"5465","2020-04-17T17:00:00","ITA",17,"Basilicata",76,"Potenza","PZ",40.63947052,15.80514834,167,"","","ITF51",364960,"ITF5",2020-04-17,0,0,0,0,0,0,0,0,1,1,1,2,2,2,2,4,5,5,7,7,7,8,16,22,30,43,58,65,72,67,70,86,98,106,118,122,122,123,128,137,139,142,144,147,152,157,161,161,162,164,164,165,167,167,1,1.01212121212121,1.00609756097561,1,1.00606075402687,0.606075402686956,0,-0.6,45.7584392810171
"5466","2020-04-17T17:00:00","ITA",18,"Calabria",79,"Catanzaro","CZ",38.90597598,16.59440194,195,"","","ITF63",358316,"ITF6",2020-04-17,0,0,0,0,0,0,0,0,0,0,1,2,2,2,3,3,2,3,3,5,6,6,14,20,27,34,38,45,46,49,51,53,115,118,123,134,139,140,146,150,150,157,158,162,169,173,176,181,182,183,184,190,194,195,1.00515463917526,1.02105263157895,1.03260869565217,1.00546448087432,1.0195431148386,1.95431148385969,0.515463917525771,-1.4,54.4212371203072
"5467","2020-04-17T17:00:00","ITA",18,"Calabria",78,"Cosenza","CS",39.29308681,16.25609692,367,"","","ITF61",705753,"ITF6",2020-04-17,0,0,0,0,1,1,1,1,1,1,1,1,1,1,4,6,5,8,10,15,17,17,27,31,38,45,50,63,68,84,99,107,128,154,171,184,186,188,194,203,204,230,243,254,266,275,289,291,291,295,317,318,357,367,1.02801120448179,1.12264150943396,1.00315457413249,1.07457627118644,1.05003135405227,5.00313540522701,2.80112044817926,-2.2,52.0011958858127
"5468","2020-04-17T17:00:00","ITA",18,"Calabria",101,"Crotone","KR",39.08036878,17.12538864,117,"","","ITF62",174980,"ITF6",2020-04-17,0,0,0,0,0,0,0,0,0,0,0,0,0,0,0,0,1,6,7,5,17,17,21,23,39,45,50,61,62,66,71,80,80,87,90,93,93,94,94,106,106,109,111,112,113,113,113,113,117,117,117,117,117,117,1,1,1,1,1,0,0,0,66.8647845468054
"5469","2020-04-17T17:00:00","ITA",18,"Calabria",80,"Reggio di Calabria","RC",38.10922769,15.6434527,240,"","","ITF65",548009,"ITF6",2020-04-17,0,0,0,0,0,0,0,0,0,0,0,1,1,1,2,3,6,11,13,18,22,22,46,47,57,73,84,88,94,97,105,123,140,155,189,190,195,201,207,218,222,237,243,243,248,250,256,260,263,263,268,276,269,240,0.892193308550186,0.97463768115942,1.02985074626866,1.01901140684411,0.963885578688402,-3.6114421311598,-10.7806691449814,-7.2,43.7949011786303
"5470","2020-04-17T17:00:00","ITA",18,"Calabria",102,"Vibo Valentia","VV",38.67624147,16.10157414,70,"","","ITF64",160073,"ITF6",2020-04-17,0,0,0,0,0,0,0,0,0,0,0,0,0,0,2,1,5,5,5,17,6,6,6,8,8,8,11,14,20,21,23,28,29,39,39,44,44,44,48,54,57,60,60,60,61,61,65,68,68,68,68,68,70,70,1,1.02941176470588,1,1,1.00970934508224,0.970934508224186,0,-1,43.7300481655245
"5471","2020-04-17T17:00:00","ITA",15,"Campania",64,"Avellino","AV",40.91404699,14.79528803,423,"","","ITF34",418306,"ITF3",2020-04-17,0,0,0,0,0,0,0,0,0,0,0,0,0,3,3,3,7,12,14,19,37,49,56,56,88,97,124,132,145,155,172,180,182,193,208,220,226,258,290,340,351,355,373,375,378,379,397,399,400,401,402,407,416,423,1.01682692307692,1.02211302211302,1.01243781094527,1.00249376558603,1.01711822947003,1.71182294700305,1.68269230769231,0,101.122145032584
"5472","2020-04-17T17:00:00","ITA",15,"Campania",62,"Benevento","BN",41.12969987,14.78151683,164,"","","ITF32",277018,"ITF3",2020-04-17,0,0,0,0,0,0,0,0,0,0,0,0,0,4,4,4,2,3,3,3,4,4,4,4,8,8,11,13,13,14,14,14,15,21,21,70,76,81,85,85,86,108,108,111,133,145,149,152,156,156,157,157,157,164,1.04458598726115,1,1,1.00641025641026,1.01464643051945,1.46464305194502,4.45859872611465,3,59.2019291165195
"5473","2020-04-17T17:00:00","ITA",15,"Campania",61,"Caserta","CE",41.07465878,14.33240464,393,"","","ITF31",922965,"ITF3",2020-04-17,0,0,0,0,0,0,0,0,0,0,0,0,0,28,32,34,26,29,38,41,45,60,65,65,94,96,106,116,124,152,165,177,179,186,197,206,221,238,255,264,279,300,308,331,349,352,359,368,375,381,387,390,393,393,1,1.00769230769231,1.0077519379845,1.01574803149606,1.00514147855,0.514147854999547,0,-0.5,42.5801628447449
"5474","2020-04-17T17:00:00","ITA",15,"Campania",63,"Napoli","NA",40.83956555,14.25084984,2109,"","","ITF33",3084890,"ITF3",2020-04-17,0,0,0,3,4,13,17,17,30,17,17,17,17,45,55,61,96,109,140,171,188,219,258,258,358,416,463,504,543,588,626,665,734,827,898,991,1053,1161,1279,1428,1498,1532,1568,1643,1668,1699,1772,1809,1871,1932,2010,2026,2072,2109,1.01785714285714,1.02270483711747,1.00796019900498,1.04037267080745,1.01615550458858,1.61555045885813,1.78571428571428,0.2,68.3654846688213
"5475","2020-04-17T17:00:00","ITA",15,"Campania",65,"Salerno","SA",40.67821961,14.7594026,599,"","","ITF35",1098513,"ITF3",2020-04-17,0,0,0,0,0,0,0,0,0,0,0,0,0,15,17,17,17,18,20,31,49,57,65,65,92,115,126,157,179,182,220,244,244,307,323,338,341,360,385,400,426,437,462,468,489,499,513,533,536,541,557,564,587,599,1.02044293015332,1.04078014184397,1.01256732495512,1.02957486136784,1.02452810313681,2.45281031368116,2.0442930153322,-0.4,54.5282577447877
"5476","2020-04-17T17:00:00","ITA",8,"Emilia-Romagna",37,"Bologna","BO",44.49436681,11.3417208,3619,"","","ITD55",1014619,"ITD5",2020-04-17,0,0,0,0,0,2,2,3,6,11,19,41,49,62,80,86,108,122,155,195,230,291,333,395,465,552,610,674,833,968,1107,1253,1413,1586,1743,1872,1940,2084,2225,2339,2429,2521,2617,2656,2758,2856,2954,3075,3197,3292,3320,3380,3490,3619,1.03696275071633,1.03254437869822,1.01807228915663,1.00850546780073,1.02916142540699,2.91614254069945,3.69627507163324,0.8,356.685613023214
"5477","2020-04-17T17:00:00","ITA",8,"Emilia-Romagna",38,"Ferrara","FE",44.83599085,11.61868934,744,"","","ITD56",345691,"ITD5",2020-04-17,0,0,0,0,0,0,0,0,0,0,0,1,2,6,7,8,12,17,24,29,34,44,58,64,78,102,123,150,172,190,204,212,244,281,300,306,320,326,341,368,474,488,510,522,538,563,566,580,616,618,635,649,709,744,1.04936530324401,1.0924499229584,1.02204724409449,1.02750809061489,1.05422441542242,5.4224415422423,4.93653032440056,-0.5,215.221107868009
"5478","2020-04-17T17:00:00","ITA",8,"Emilia-Romagna",36,"Modena","MO",44.64600009,10.92615487,3301,"","","ITD54",705393,"ITD5",2020-04-17,0,3,8,18,18,22,24,29,33,41,45,73,82,97,116,127,163,190,251,306,367,440,460,575,663,767,906,1010,1155,1354,1533,1676,1772,1922,2094,2137,2222,2297,2416,2498,2551,2609,2691,2758,2811,2867,2930,3011,3087,3132,3180,3217,3262,3301,1.01195585530349,1.01398818775256,1.01163522012579,1.01532567049808,1.01252588525899,1.25258852589949,1.19558553034949,-0.1,467.966084154507
"5479","2020-04-17T17:00:00","ITA",8,"Emilia-Romagna",34,"Parma","PR",44.80107394,10.32834985,2725,"","","ITD52",451631,"ITD5",2020-04-17,0,4,8,10,27,35,59,61,84,115,150,181,229,276,279,325,378,430,518,570,662,707,800,800,869,979,1014,1209,1364,1435,1525,1611,1690,1752,1809,1859,1933,2005,2049,2083,2201,2275,2317,2365,2395,2421,2473,2512,2531,2573,2582,2616,2698,2725,1.01000741289844,1.03134556574924,1.01316808675445,1.00349786241741,1.01813044174614,1.81304417461388,1.00074128984433,-0.8,603.368679297922
"5480","2020-04-17T17:00:00","ITA",8,"Emilia-Romagna",33,"Piacenza","PC",45.05193462,9.692632596,3274,"","","ITD51",287152,"ITD5",2020-04-17,0,18,28,63,89,138,174,212,256,319,378,426,479,528,602,633,664,679,710,853,1012,1073,1204,1340,1428,1575,1693,1765,1885,1981,2122,2213,2276,2390,2475,2516,2635,2716,2765,2811,2842,2892,2936,2953,2980,3020,3049,3063,3100,3138,3167,3223,3249,3274,1.0076946752847,1.00806701830593,1.0176823492264,1.00924155513066,1.01113746870567,1.11374687056656,0.769467528470291,-0.3,1140.16270128712
"5481","2020-04-17T17:00:00","ITA",8,"Emilia-Romagna",39,"Ravenna","RA",44.41722493,12.19913936,910,"","","ITD57",389456,"ITD5",2020-04-17,0,0,0,0,1,1,2,2,2,2,3,8,10,13,19,24,31,41,55,78,100,114,124,153,185,213,287,309,342,368,387,451,488,521,553,568,580,605,627,656,688,708,728,738,746,751,776,789,801,827,880,889,904,910,1.00663716814159,1.01687289088864,1.01022727272727,1.06408706166868,1.01123689558839,1.12368955883928,0.663716814159288,-0.5,233.659258041987
"5482","2020-04-17T17:00:00","ITA",8,"Emilia-Romagna",35,"Reggio nell'Emilia","RE",44.69735289,10.63007973,4090,"","","ITD53",531891,"ITD5",2020-04-17,0,0,0,0,1,4,7,8,14,20,31,44,48,70,103,104,114,123,138,153,185,241,299,414,608,773,977,1167,1369,1437,1586,1698,1861,1996,2146,2208,2307,2553,2665,2800,2908,3066,3167,3215,3352,3505,3630,3765,3849,3888,3947,3982,4053,4090,1.00912904021712,1.01783023606228,1.00886749429947,1.01517489711934,1.01193370294086,1.19337029408582,0.912904021712313,-0.3,768.954541438001
"5483","2020-04-17T17:00:00","ITA",8,"Emilia-Romagna",99,"Rimini","RN",44.06090087,12.5656295,1791,"","","ITD59",339017,"ITD5",2020-04-17,0,1,3,6,9,15,16,19,24,33,68,93,104,113,164,206,245,312,363,398,425,509,509,613,691,757,826,942,1035,1084,1136,1189,1264,1323,1357,1382,1407,1445,1456,1511,1523,1553,1575,1584,1596,1613,1651,1677,1706,1727,1740,1749,1774,1791,1.00958286358512,1.01429388221841,1.0051724137931,1.00752750434279,1.00967618440879,0.967618440879425,0.958286358511828,0,528.292091547032
"5484","2020-04-17T17:00:00","ITA",6,"Friuli-Venezia Giulia",31,"Gorizia","GO",45.94149817,13.62212502,132,"","","ITD43",139403,"ITD4",2020-04-17,0,0,0,0,0,0,0,0,3,5,5,6,6,6,6,10,12,12,20,20,31,16,18,25,28,30,38,44,55,57,65,75,79,85,91,91,98,106,110,111,115,116,119,119,121,120,121,121,123,127,129,130,132,132,1,1.01538461538462,1.0077519379845,1.01574803149606,1.00769260999601,0.769260999601173,0,-0.8,94.6894973565849
"5485","2020-04-17T17:00:00","ITA",6,"Friuli-Venezia Giulia",93,"Pordenone","PN",45.95443546,12.66002909,574,"","","ITD41",312533,"ITD4",2020-04-17,0,0,0,0,0,0,0,0,0,0,0,0,2,2,2,4,13,13,31,45,42,54,54,76,97,114,144,165,170,201,277,295,332,362,368,383,405,419,441,452,461,470,477,480,497,513,520,529,539,547,551,557,573,574,1.00174520069808,1.02872531418312,1.01088929219601,1.0073126142596,1.01372486195561,1.37248619556063,0.174520069808026,-1.2,183.660605440066
"5486","2020-04-17T17:00:00","ITA",6,"Friuli-Venezia Giulia",32,"Trieste","TS",45.6494354,13.76813649,1067,"","","ITD44",234493,"ITD4",2020-04-17,0,0,0,0,0,0,6,9,2,5,5,7,11,25,25,53,57,57,131,148,140,164,177,180,208,216,270,297,320,329,355,385,411,452,476,494,545,575,598,629,651,670,708,733,763,821,857,872,890,916,945,961,1011,1067,1.05539070227498,1.05202913631634,1.01693121693122,1.03165938864629,1.04130400073326,4.13040007332643,5.53907022749753,1.4,455.024243794058
"5487","2020-04-17T17:00:00","ITA",6,"Friuli-Venezia Giulia",30,"Udine","UD",46.06255516,13.2348383,897,"","","ITD42",528791,"ITD4",2020-04-17,0,0,0,0,0,0,0,0,8,8,11,18,23,24,24,26,44,44,75,88,129,152,145,181,266,296,338,361,385,405,431,460,487,530,536,524,536,576,641,681,754,786,793,813,830,839,845,865,873,884,890,891,895,897,1.00223463687151,1.00448933782267,1.00112359550562,1.00678733031674,1.0026148792929,0.261487929289816,0.223463687150849,0,169.632236554707
"5488","2020-04-17T17:00:00","ITA",12,"Lazio",60,"Frosinone","FR",41.63964569,13.35117161,502,"","","ITE45",489083,"ITE4",2020-04-17,0,0,0,0,0,0,0,0,0,1,1,1,1,2,2,6,8,18,28,28,34,44,49,54,48,52,59,78,82,97,106,156,191,232,252,290,321,329,334,354,364,369,374,401,425,441,463,469,473,472,473,479,497,502,1.01006036217304,1.03757828810021,1.01268498942918,1.0021186440678,1.02003292929735,2.00329292973545,1.00603621730382,-1,102.641065013505
"5489","2020-04-17T17:00:00","ITA",12,"Lazio",59,"Latina","LT",41.46759465,12.90368482,430,"","","ITE44",575254,"ITE4",2020-04-17,0,0,0,0,0,0,0,0,0,0,0,2,2,6,6,11,11,11,15,20,23,23,23,23,23,115,136,146,159,182,198,206,212,215,239,254,257,272,280,304,318,336,349,356,364,377,384,387,398,404,410,419,421,430,1.02137767220903,1.00477326968974,1.0219512195122,1.01485148514851,1.01600270985185,1.60027098518507,2.13776722090262,0.5,74.7495888772612
"5490","2020-04-17T17:00:00","ITA",12,"Lazio",57,"Rieti","RI",42.40488444,12.86205939,278,"","","ITE42",155503,"ITE4",2020-04-17,0,0,0,0,0,0,0,0,0,0,0,0,0,0,0,1,3,2,3,3,4,11,12,12,18,18,24,24,31,33,39,41,43,62,76,105,132,193,188,188,188,189,266,268,269,269,270,273,276,276,276,277,277,278,1.00361010830325,1,1.0036231884058,1,1.00240964787054,0.240964787054265,0.361010830324915,0.1,178.774686018919
"5491","2020-04-17T17:00:00","ITA",12,"Lazio",58,"Roma","RM",41.89277044,12.48366722,3888,"","","ITE43",4342212,"ITE4",2020-04-17,0,3,3,3,3,6,6,7,14,29,42,49,71,77,91,76,99,162,218,288,354,412,486,590,678,755,893,1049,1171,1287,1428,1567,1703,1839,1945,2068,2186,2260,2393,2503,2620,2714,2769,2830,2910,3026,3114,3219,3315,3431,3560,3665,3767,3888,1.0321210512344,1.02783083219645,1.02949438202247,1.03759836782279,1.02981390783282,2.98139078328175,3.21210512344041,0.2,89.5396171352297
"5492","2020-04-17T17:00:00","ITA",12,"Lazio",56,"Viterbo","VT",42.4173828,12.10473416,346,"","","ITE41",317030,"ITE4",2020-04-17,0,0,0,0,0,0,0,0,0,0,0,2,2,2,2,5,10,5,10,13,15,27,31,39,50,63,72,82,93,121,122,122,124,144,179,181,181,193,219,226,240,243,243,262,263,278,304,313,316,318,326,326,338,346,1.02366863905325,1.03680981595092,1,1.0251572327044,1.02004539502296,2.00453950229635,2.36686390532543,0.4,109.137936472889
"5493","2020-04-17T17:00:00","ITA",7,"Liguria",10,"Genova","GE",44.41149314,8.9326992,3557,"","","ITC33",841180,"ITC3",2020-04-17,0,0,0,0,0,0,1,1,1,1,1,9,15,25,38,42,63,92,128,231,274,274,330,378,488,527,561,677,689,696,782,762,817,879,1026,1069,1095,1108,1153,1180,1312,1924,2002,2157,2785,2849,2918,2932,3086,3086,3472,3487,3522,3557,1.0099375354912,1.01003728133066,1.0043202764977,1.1250810110175,1.00809481936555,0.809481936554879,0.993753549119814,0.2,422.858365629235
"5494","2020-04-17T17:00:00","ITA",7,"Liguria",8,"Imperia","IM",43.88570648,8.027850298,1083,"","","ITC31",213840,"ITC3",2020-04-17,0,0,0,0,0,0,1,1,2,2,2,3,7,10,11,15,18,32,41,64,78,78,76,101,117,145,155,168,160,186,177,211,214,236,234,243,234,226,220,223,224,586,592,667,799,831,899,881,882,882,979,1036,1048,1083,1.03339694656489,1.01158301158301,1.0582226762002,1.10997732426304,1.03422553179344,3.42255317934435,3.33969465648856,-0.1,506.45342312009
"5495","2020-04-17T17:00:00","ITA",7,"Liguria",11,"La Spezia","SP",44.10704991,9.8281897,725,"","","ITC34",219556,"ITC3",2020-04-17,0,0,1,1,1,1,1,1,1,1,1,1,5,11,15,15,19,26,37,52,60,60,65,83,88,90,94,99,110,104,137,149,213,234,233,234,248,245,250,323,341,445,450,463,605,619,629,629,670,670,660,696,720,725,1.00694444444444,1.03448275862069,1.05454545454545,0.985074626865672,1.03180593986579,3.18059398657851,0.694444444444442,-2.5,330.211882162182
"5496","2020-04-17T17:00:00","ITA",7,"Liguria",9,"Savona","SV",44.30750461,8.481108654,812,"","","ITC32",276064,"ITC3",2020-04-17,0,1,10,18,18,41,19,16,20,19,20,15,19,25,35,38,42,52,62,87,96,96,100,126,131,162,173,175,185,204,210,209,223,219,239,249,249,251,245,264,261,734,695,509,654,656,686,771,797,797,697,717,749,812,1.08411214953271,1.04463040446304,1.0286944045911,0.874529485570891,1.05222290259489,5.22229025948908,8.41121495327102,3.2,294.134693404428
"5497","2020-04-17T17:00:00","ITA",3,"Lombardia",16,"Bergamo","BG",45.69441368,9.668424528,10590,"","","ITC46",1114590,"ITC4",2020-04-17,0,18,20,72,103,110,209,243,372,423,537,623,761,997,1245,1472,1815,2136,2368,2864,3416,3760,3993,4305,4645,5154,5869,6216,6471,6728,7072,7458,8060,8349,8527,8664,8803,9039,9171,9315,9588,9712,9815,9868,9931,10043,10151,10258,10309,10391,10426,10472,10518,10590,1.00684540787222,1.00439266615737,1.00441204680606,1.00336829948994,1.00521604754482,0.521604754481753,0.68454078722191,0.2,950.125158129895
"5498","2020-04-17T17:00:00","ITA",3,"Lombardia",17,"Brescia","BS",45.53993052,10.21910323,11567,"","","ITC47",1265954,"ITC4",2020-04-17,0,0,2,10,13,14,49,60,86,127,155,182,413,501,739,790,1351,1598,1784,2122,2473,2918,3300,3784,4247,4648,5028,5317,5905,6298,6597,6931,7305,7678,8013,8213,8367,8598,8757,9014,9180,9340,9477,9594,9909,10122,10369,10599,10868,11058,11093,11187,11355,11567,1.0186701893439,1.01501743094663,1.00847381231407,1.00316512931814,1.01404503005265,1.40450300526467,1.86701893439014,0.5,913.69828603567
"5499","2020-04-17T17:00:00","ITA",3,"Lombardia",13,"Como","CO",45.8099912,9.085159546,2285,"","","ITC42",599204,"ITC4",2020-04-17,0,0,0,0,0,1,2,2,4,5,11,11,23,27,40,46,77,98,118,154,184,220,256,286,338,380,452,512,581,635,706,762,816,903,1014,1061,1101,1157,1205,1256,1319,1384,1473,1525,1542,1605,1686,1825,1924,2015,2106,2154,2233,2285,1.02328705776982,1.03667595171773,1.02279202279202,1.04516129032258,1.02756494295311,2.75649429531144,2.32870577698163,-0.4,381.339243396239
"5500","2020-04-17T17:00:00","ITA",3,"Lombardia",19,"Cremona","CR",45.13336675,10.02420865,5313,"","","ITC4A",358955,"ITC4",2020-04-17,0,53,57,91,123,136,214,223,287,333,406,452,562,665,916,957,1061,1302,1344,1565,1792,1881,2073,2167,2286,2392,2733,2895,2925,3061,3156,3370,3496,3605,3762,3788,3869,3941,3974,4097,4154,4233,4260,4323,4422,4489,4562,4658,4721,4945,5172,5202,5273,5313,1.00758581452683,1.01364859669358,1.00580046403712,1.04590495449949,1.00900604138701,0.900604138701389,0.758581452683482,-0.1,1480.12982128679
"5501","2020-04-17T17:00:00","ITA",3,"Lombardia",97,"Lecco","LC",45.85575781,9.393392246,2005,"","","ITC43",337380,"ITC4",2020-04-17,0,0,0,0,0,0,2,3,4,5,8,11,35,53,66,89,113,199,237,287,344,386,440,466,530,676,818,872,934,1015,1076,1159,1210,1316,1381,1437,1470,1516,1552,1594,1628,1678,1712,1731,1755,1805,1838,1860,1881,1911,1970,1982,1986,2005,1.00956696878147,1.00201816347124,1.00609137055838,1.03087388801675,1.00588743589597,0.588743589597285,0.956696878147034,0.4,594.285375540933
"5502","2020-04-17T17:00:00","ITA",3,"Lombardia",98,"Lodi","LO",45.31440693,9.503720769,2678,"","","ITC49",230198,"ITC4",2020-04-17,0,125,128,159,182,237,344,384,482,559,658,739,811,853,928,963,1035,1123,1133,1276,1320,1362,1418,1445,1528,1597,1693,1772,1817,1860,1884,1968,2006,2029,2057,2087,2116,2157,2189,2214,2238,2255,2278,2321,2347,2376,2419,2472,2543,2559,2569,2587,2626,2678,1.01980198019802,1.01507537688442,1.00700661736084,1.00390777647519,1.01394754836502,1.39475483650213,1.98019801980198,0.6,1163.34633663194
"5503","2020-04-17T17:00:00","ITA",3,"Lombardia",20,"Mantova","MN",45.15726772,10.79277363,2748,"","","ITC4B",412292,"ITC4",2020-04-17,0,0,0,0,0,1,4,5,15,22,26,32,46,56,102,119,137,169,187,261,339,382,465,514,636,723,842,905,985,1093,1176,1250,1398,1484,1550,1617,1688,1736,1782,1884,1981,2044,2084,2142,2216,2277,2355,2411,2486,2571,2631,2655,2691,2748,1.02118171683389,1.0135593220339,1.00912200684151,1.02333722287048,1.01460880468647,1.46088046864727,2.11817168338908,0.7,666.517904785928
"5504","2020-04-17T17:00:00","ITA",3,"Lombardia",15,"Milano","MI",45.46679409,9.190347404,15277,"","","ITC45",3250315,"ITC4",2020-04-17,0,8,8,15,29,30,46,58,93,145,197,267,361,406,506,592,925,1146,1307,1551,1750,1983,2326,2644,3278,3804,4672,5096,5326,5701,6074,6922,7469,7783,8329,8676,8911,9522,10004,10391,10819,11230,11538,11787,12039,12479,12748,13268,13680,14161,14350,14675,14952,15277,1.02173622257892,1.01887563884157,1.02264808362369,1.01334651507662,1.02108538286748,2.10853828674809,2.17362225789193,0.1,470.015983066257
"5505","2020-04-17T17:00:00","ITA",3,"Lombardia",108,"Monza e della Brianza","MB",45.58439043,9.273582472,3975,"","","IT108",873935,"IT10",2020-04-17,0,3,4,5,6,6,6,8,9,11,19,20,61,59,64,65,85,130,143,224,327,346,376,401,495,816,1084,1108,1130,1454,1587,1750,1948,2086,2265,2362,2462,2543,2633,2774,2935,3046,3157,3206,3264,3355,3424,3575,3639,3720,3821,3878,3932,3975,1.01093591047813,1.01392470345539,1.01491756084795,1.02715053763441,1.01325797770758,1.3257977707579,1.09359104781281,-0.2,454.839318713634
"5506","2020-04-17T17:00:00","ITA",3,"Lombardia",18,"Pavia","PV",45.18509264,9.160157191,3448,"","","ITC48",545888,"ITC4",2020-04-17,0,27,27,36,49,55,78,83,122,126,151,180,221,243,296,324,403,468,482,622,722,801,884,978,1011,1105,1194,1306,1444,1499,1578,1685,1712,1877,1974,2036,2133,2180,2285,2331,2499,2619,2700,2735,2823,2889,2963,3049,3133,3193,3246,3316,3390,3448,1.01710914454277,1.02231604342581,1.02156500308071,1.01659880989665,1.0203274731757,2.03274731757048,1.71091445427729,-0.3,631.631396916584
"5507","2020-04-17T17:00:00","ITA",3,"Lombardia",14,"Sondrio","SO",46.17099261,9.87147489,866,"","","ITC44",181095,"ITC4",2020-04-17,0,1,3,3,3,3,3,3,3,4,4,4,6,6,7,7,13,23,23,45,45,46,74,75,155,163,179,205,208,253,284,325,362,388,422,446,470,484,517,537,563,591,614,620,636,654,661,684,720,796,849,859,864,866,1.00231481481481,1.0058207217695,1.01177856301531,1.06658291457286,1.00663045889197,0.663045889197011,0.231481481481488,-0.4,478.202048648499
"5508","2020-04-17T17:00:00","ITA",3,"Lombardia",12,"Varese","VA",45.81701677,8.822868344,2021,"","","ITC41",890768,"ITC4",2020-04-17,0,0,0,0,3,4,4,4,7,11,17,23,27,32,44,50,75,98,125,158,184,202,234,265,310,338,359,386,421,450,468,502,711,768,812,866,893,937,1002,1085,1148,1191,1293,1326,1348,1491,1589,1633,1663,1711,1813,1884,1953,2021,1.03481822836662,1.03662420382166,1.03916161059018,1.05961426066628,1.03686648409801,3.68664840980104,3.48182283666154,-0.2,226.882869613637
"5509","2020-04-17T17:00:00","ITA",11,"Marche",42,"Ancona","AN",43.61675973,13.5188753,1686,"","","ITE32",471228,"ITE3",2020-04-17,0,0,0,0,0,0,1,2,5,9,19,23,38,54,63,81,110,142,158,215,267,323,356,403,447,513,564,676,702,751,820,869,905,944,1019,1060,1116,1174,1211,1263,1290,1356,1401,1429,1455,1481,1501,1547,1590,1605,1629,1647,1664,1686,1.01322115384615,1.01032179720704,1.01104972375691,1.01495327102804,1.01153014216551,1.15301421655074,1.32211538461537,0.2,357.788586416766
"5510","2020-04-17T17:00:00","ITA",11,"Marche",44,"Ascoli Piceno","AP",42.85322304,13.57691127,268,"","","ITE34",207179,"ITE3",2020-04-17,0,0,0,0,0,0,0,0,0,0,0,0,0,0,0,0,1,1,2,7,14,21,23,25,27,43,50,56,61,64,80,111,118,163,179,197,222,224,227,232,233,235,235,235,236,236,237,249,253,254,254,259,266,268,1.00751879699248,1.02702702702703,1.01968503937008,1,1.0180451184569,1.80451184568973,0.751879699248126,-1.1,129.356739824017
"5511","2020-04-17T17:00:00","ITA",11,"Marche",109,"Fermo","FM",43.16058534,13.71839535,379,"","","IT109",173800,"IT10",2020-04-17,0,0,0,0,0,0,0,0,0,1,3,3,3,5,5,6,8,11,16,22,36,36,36,46,68,80,82,113,133,139,160,204,233,241,246,246,259,263,284,298,305,308,312,314,334,339,343,354,361,363,363,367,378,379,1.0026455026455,1.0299727520436,1.01101928374656,1,1.01448164784963,1.44816478496261,0.264550264550256,-1.2,218.066743383199
"5512","2020-04-17T17:00:00","ITA",11,"Marche",43,"Macerata","MC",43.30023926,13.45307182,895,"","","ITE33",314178,"ITE3",2020-04-17,0,0,0,0,0,0,0,0,1,2,2,7,7,9,9,11,17,32,48,58,94,117,128,160,186,215,238,293,326,368,395,405,411,457,476,477,493,506,533,561,598,614,639,664,714,732,776,801,818,834,837,846,871,895,1.02755453501722,1.02955082742317,1.01075268817204,1.00359712230216,1.02258446913982,2.258446913982,2.75545350172215,0.5,284.87036011433
"5513","2020-04-17T17:00:00","ITA",11,"Marche",41,"Pesaro e Urbino","PU",43.91014021,12.91345989,2277,"","","ITE31",358886,"ITE3",2020-04-17,0,0,1,3,6,11,24,33,55,72,100,126,159,204,246,296,342,403,496,591,712,733,812,910,983,1099,1186,1249,1312,1371,1432,1474,1475,1507,1577,1639,1664,1722,1756,1786,1820,1853,1919,1956,2001,2044,2093,2121,2140,2181,2195,2230,2249,2277,1.0124499777679,1.0085201793722,1.01594533029613,1.00641907381935,1.01230061807236,1.23006180723582,1.24499777678968,0,634.46331146938
"5514","2020-04-17T17:00:00","ITA",14,"Molise",70,"Campobasso","CB",41.55774754,14.65916051,202,"","","ITF22",221238,"ITF2",2020-04-17,0,0,0,0,0,0,0,0,3,3,7,12,14,14,14,15,16,16,17,17,17,21,25,24,33,39,49,53,54,60,60,85,91,97,108,114,124,139,142,149,154,166,166,166,166,176,185,187,191,191,191,197,197,202,1.0253807106599,1,1.03141361256544,1,1.0188400318106,1.88400318105997,2.53807106598984,0.7,91.3043871306014
"5515","2020-04-17T17:00:00","ITA",14,"Molise",94,"Isernia","IS",41.58800826,14.22575407,50,"","","ITF21",84379,"ITF2",2020-04-17,0,0,0,0,0,0,0,0,0,0,0,0,0,0,0,0,0,0,0,0,0,0,0,1,4,4,4,4,4,4,4,9,9,13,9,9,9,10,11,15,40,44,44,43,43,43,43,43,50,50,50,50,50,50,1,1,1,1,1,0,0,0,59.2564500645895
"5516","2020-04-17T17:00:00","ITA",1,"Piemonte",6,"Alessandria","AL",44.91297351,8.615401155,2696,"","","ITC18",421284,"ITC1",2020-04-17,0,0,0,0,0,0,0,0,1,16,22,32,40,60,63,65,105,132,136,182,207,273,323,374,374,595,654,760,817,946,946,980,1106,1197,1255,1280,1317,1378,1428,1491,1591,1763,1904,1946,2016,2081,2119,2191,2248,2315,2367,2407,2580,2696,1.04496124031008,1.07187370170337,1.01689902830587,1.02246220302376,1.04433670744485,4.43367074448486,4.49612403100774,0.1,639.948348382564
"5517","2020-04-17T17:00:00","ITA",1,"Piemonte",5,"Asti","AT",44.89912921,8.204142547,957,"","","ITC17",214638,"ITC1",2020-04-17,0,0,0,0,0,0,0,37,40,41,43,47,50,58,58,58,68,69,70,87,87,87,90,101,101,151,166,181,209,235,261,282,303,318,328,402,434,461,501,523,560,596,609,629,643,655,703,745,779,793,868,897,925,957,1.03459459459459,1.03121516164994,1.03341013824885,1.09457755359395,1.03307234916369,3.30723491636882,3.45945945945947,0.2,445.866994660778
"5518","2020-04-17T17:00:00","ITA",1,"Piemonte",96,"Biella","BI",45.5665112,8.054082167,728,"","","ITC13",175585,"ITC1",2020-04-17,0,0,0,0,0,0,0,0,0,0,2,3,6,19,18,20,36,39,48,48,50,67,96,109,109,175,182,243,253,280,327,336,367,399,439,471,490,503,523,542,559,571,583,591,600,621,628,653,662,679,702,717,719,728,1.0125173852573,1.00278940027894,1.02136752136752,1.03387334315169,1.01219632395855,1.21963239585541,1.25173852573017,0,414.61400461315
"5519","2020-04-17T17:00:00","ITA",1,"Piemonte",4,"Cuneo","CN",44.39329625,7.551171632,1897,"","","ITC16",587098,"ITC1",2020-04-17,0,0,0,0,0,0,0,0,0,0,0,1,1,5,11,14,17,24,40,47,61,91,119,149,149,221,265,303,367,409,441,487,518,558,591,650,731,778,826,850,932,1071,1135,1187,1227,1301,1318,1350,1462,1607,1747,1791,1814,1897,1.0457552370452,1.01284198771636,1.02518603319977,1.08711885500933,1.02783832842945,2.78383284294521,4.57552370452039,1.8,323.114709980276
"5520","2020-04-17T17:00:00","ITA",1,"Piemonte",3,"Novara","NO",45.44588506,8.621915884,1855,"","","ITC15",369018,"ITC1",2020-04-17,0,0,0,0,0,0,0,3,3,3,3,4,5,13,14,22,27,32,48,48,71,109,150,190,190,293,330,398,420,471,517,577,609,657,694,733,797,854,902,930,967,986,1008,1073,1146,1218,1258,1540,1605,1612,1638,1708,1825,1855,1.01643835616438,1.06850117096019,1.04273504273504,1.01612903225806,1.04234144313714,4.23414431371421,1.64383561643835,-2.6,502.685505856083
"5521","2020-04-17T17:00:00","ITA",1,"Piemonte",1,"Torino","TO",45.0732745,7.680687483,9503,"","","ITC11",2259523,"ITC1",2020-04-17,0,3,3,2,11,11,49,6,7,11,19,34,55,89,87,111,159,187,305,305,359,542,749,1042,1042,1556,1680,1989,2198,2496,2813,3108,3361,3658,3933,4150,4455,4711,4991,5295,5772,5985,6180,6375,6595,6925,7226,7605,7939,8129,8339,8656,9116,9503,1.04245283018868,1.05314232902033,1.03801415037774,1.02583343584697,1.04451717418652,4.4517174186518,4.24528301886793,-0.2,420.57549314612
"5522","2020-04-17T17:00:00","ITA",1,"Piemonte",103,"Verbano-Cusio-Ossola","VB",45.9214455,8.551078753,917,"","","ITC14",158349,"ITC1",2020-04-17,0,0,0,0,0,0,0,4,4,5,5,9,10,13,11,11,13,18,29,36,50,58,76,89,89,142,149,159,190,229,247,255,288,308,346,376,393,410,444,505,535,556,619,630,719,774,790,859,865,876,893,904,910,917,1.00769230769231,1.00663716814159,1.01231802911534,1.01940639269406,1.00887948795436,0.887948795435856,0.769230769230766,-0.1,579.100594256989
"5523","2020-04-17T17:00:00","ITA",1,"Piemonte",2,"Vercelli","VC",45.32398135,8.423234312,935,"","","ITC12",170911,"ITC1",2020-04-17,0,0,0,0,0,0,0,1,1,3,8,7,10,15,11,18,24,25,29,31,84,99,113,131,131,203,210,242,263,290,308,336,358,397,426,449,473,488,520,565,583,605,647,665,678,693,708,789,817,830,839,847,912,935,1.02521929824561,1.0767414403778,1.00953516090584,1.01084337349398,1.03677189721664,3.67718972166406,2.52192982456141,-1.2,547.068357215159
"5524","2020-04-17T17:00:00","ITA",16,"Puglia",72,"Bari","BA",41.12559576,16.86736689,1050,"","","ITF42",1251994,"ITF4",2020-04-17,0,0,0,1,0,0,0,1,2,2,2,3,5,5,6,15,18,25,38,42,58,58,95,112,137,165,194,231,268,304,336,387,444,469,518,594,616,655,700,741,762,790,807,834,861,870,886,913,921,962,989,1013,1029,1050,1.02040816326531,1.01579466929911,1.02426693629929,1.02806652806653,1.02015070921057,2.01507092105655,2.04081632653061,0,83.8662166112617
"5525","2020-04-17T17:00:00","ITA",16,"Puglia",110,"Barletta-Andria-Trani","BT",41.22705039,16.29520432,333,"","","IT110",390011,"IT11",2020-04-17,0,0,0,0,0,0,0,0,0,1,1,1,2,3,3,3,4,6,10,17,22,22,23,23,26,30,32,49,59,62,65,85,92,96,98,103,111,116,126,129,129,138,177,177,212,212,243,260,296,301,306,315,330,333,1.00909090909091,1.04761904761905,1.02941176470588,1.01661129568106,1.02858677398692,2.85867739869174,0.909090909090904,-1.9,85.3822071685157
"5526","2020-04-17T17:00:00","ITA",16,"Puglia",74,"Brindisi","BR",40.63848545,17.94601575,439,"","","ITF44",392975,"ITF4",2020-04-17,0,0,0,0,0,0,0,0,0,0,0,0,3,3,5,5,15,16,20,23,40,40,52,65,75,84,94,100,102,103,116,122,125,148,152,164,164,191,208,218,234,246,257,262,284,299,316,334,358,379,403,417,428,439,1.02570093457944,1.02637889688249,1.03473945409429,1.06332453825858,1.02893156711209,2.89315671120938,2.57009345794392,-0.3,111.711940963166
"5527","2020-04-17T17:00:00","ITA",16,"Puglia",71,"Foggia","FG",41.46226865,15.54305094,807,"","","ITF41",622183,"ITF4",2020-04-17,0,0,0,0,0,0,0,0,1,2,7,7,9,16,23,23,24,33,34,52,62,62,91,91,134,163,190,212,226,255,277,305,325,355,377,405,457,490,502,527,546,564,605,635,652,701,721,724,739,737,742,756,780,807,1.03461538461538,1.03174603174603,1.0188679245283,1.0067842605156,1.02838691742074,2.8386917420745,3.46153846153847,0.6,129.704604593825
"5528","2020-04-17T17:00:00","ITA",16,"Puglia",75,"Lecce","LE",40.35354285,18.1718973,434,"","","ITF45",795134,"ITF4",2020-04-17,0,0,0,0,0,0,0,0,0,1,1,3,4,10,10,10,12,18,19,24,38,38,62,65,71,88,103,120,149,161,164,177,215,239,239,293,303,321,353,359,362,368,378,384,389,395,403,418,418,424,425,426,427,434,1.01639344262295,1.00234741784038,1.00235294117647,1.00235849056604,1.00700957459034,0.700957459034401,1.63934426229508,0.9,54.5819949844932
"5529","2020-04-17T17:00:00","ITA",16,"Puglia",73,"Taranto","TA",40.47354739,17.23237181,235,"","","ITF43",576756,"ITF4",2020-04-17,0,0,0,0,3,3,3,3,3,3,3,3,3,3,3,3,4,6,8,8,10,10,17,19,23,33,35,41,46,51,56,74,78,93,99,121,126,148,163,178,180,182,190,192,201,206,208,218,221,225,226,228,235,235,1,1.03070175438596,1.00884955752212,1.00444444444444,1.01310192612085,1.31019261208527,0,-1.3,40.745133123886
"5530","2020-04-17T17:00:00","ITA",20,"Sardegna",92,"Cagliari","CA",39.21531192,9.110616306,211,"","","ITG27",431038,"ITG2",2020-04-17,0,0,0,0,0,0,0,0,1,2,2,3,3,9,14,15,15,11,15,16,18,24,27,32,41,43,45,52,61,64,74,83,83,97,102,103,111,116,126,134,144,146,146,148,151,161,179,185,191,197,201,207,208,211,1.01442307692308,1.0048309178744,1.02985074626866,1.02030456852792,1.01631608542321,1.63160854232058,1.44230769230769,-0.2,48.9516005549395
"5531","2020-04-17T17:00:00","ITA",20,"Sardegna",91,"Nuoro","NU",40.32318834,9.330296393,67,"","","ITG26",208550,"ITG2",2020-04-17,0,0,0,0,0,0,0,0,0,0,0,2,2,2,3,3,18,18,18,18,19,19,20,20,21,22,22,22,22,26,26,52,52,56,57,57,57,59,60,62,62,65,65,65,67,67,67,67,67,67,67,67,67,67,1,1,1,1,1,0,0,0,32.126588348118
"5532","2020-04-17T17:00:00","ITA",20,"Sardegna",95,"Oristano","OR",39.90381075,8.591183151,40,"","","ITG28",157707,"ITG2",2020-04-17,0,0,0,0,0,0,0,0,0,0,0,0,0,0,1,1,2,2,2,2,2,2,2,3,3,4,4,4,7,7,7,7,9,9,9,10,10,15,18,19,20,24,27,28,29,31,31,33,34,35,35,38,39,40,1.02564102564103,1.02631578947368,1.08571428571429,1,1.04551591714942,4.55159171494204,2.56410256410255,-2,25.3634905235659
"5533","2020-04-17T17:00:00","ITA",20,"Sardegna",90,"Sassari","SS",40.72667657,8.559667131,774,"","","ITG25",491571,"ITG2",2020-04-17,0,0,0,0,0,0,0,0,0,0,0,0,0,0,1,1,2,4,4,6,35,57,63,74,134,216,251,253,260,309,318,331,336,407,415,454,486,497,528,547,585,601,610,620,654,689,706,724,737,745,749,763,764,774,1.0130890052356,1.00131061598952,1.01869158878505,1.00536912751678,1.01100440458527,1.10044045852737,1.30890052356021,0.2,157.454365696919
"5534","2020-04-17T17:00:00","ITA",20,"Sardegna",111,"Sud Sardegna","SU",39.16641462,8.526242676,86,"","","IT111",350725,"IT11",2020-04-17,0,0,0,0,0,0,0,0,0,0,0,0,0,0,0,0,0,4,4,5,3,5,5,5,7,8,8,8,9,15,17,21,50,55,55,58,58,58,62,63,63,71,74,74,74,78,80,82,84,84,86,86,86,86,1,1,1,1.02380952380952,1,0,0,0,24.5206358257894
"5535","2020-04-17T17:00:00","ITA",19,"Sicilia",84,"Agrigento","AG",37.30971088,13.5845749,132,"","","ITG14",434870,"ITG1",2020-04-17,0,0,0,0,0,0,0,0,0,0,0,0,1,1,1,11,16,17,17,17,20,22,22,24,27,31,36,41,45,47,50,55,58,58,78,89,94,96,98,100,102,107,109,110,113,115,119,123,126,128,130,131,132,132,1,1.00763358778626,1.00769230769231,1.015625,1.0051021291341,0.510212913410224,0,-0.5,30.3538988663279
"5536","2020-04-17T17:00:00","ITA",19,"Sicilia",85,"Caltanissetta","CL",37.49213171,14.06184973,138,"","","ITG15",262458,"ITG1",2020-04-17,0,0,0,0,0,0,0,0,0,0,0,0,0,0,0,0,0,2,2,2,2,4,4,6,12,18,27,27,29,40,45,50,55,57,68,70,70,76,80,83,93,102,104,105,107,112,116,122,128,131,135,137,138,138,1,1.00729927007299,1.01481481481481,1.03053435114504,1.00735320525158,0.735320525157923,0,-0.7,52.5798413460439
"5537","2020-04-17T17:00:00","ITA",19,"Sicilia",87,"Catania","CT",37.50287803,15.08704691,745,"","","ITG17",1107702,"ITG1",2020-04-17,0,0,0,1,1,1,1,1,1,1,1,15,23,23,23,35,41,49,49,49,91,96,108,131,151,162,189,234,274,286,308,346,365,387,407,448,498,510,544,559,569,594,614,630,646,662,672,678,689,704,715,725,735,745,1.01360544217687,1.01379310344828,1.01398601398601,1.015625,1.01379484129764,1.3794841297643,1.36054421768708,0,67.2563559513299
"5538","2020-04-17T17:00:00","ITA",19,"Sicilia",86,"Enna","EN",37.56705701,14.27909375,358,"","","ITG16",164788,"ITG1",2020-04-17,0,0,0,0,0,0,0,0,0,0,0,1,0,0,0,1,1,1,1,1,2,5,8,8,21,25,27,34,44,63,90,133,155,168,192,195,203,224,238,257,280,284,287,289,296,300,316,321,325,327,335,340,341,358,1.04985337243402,1.00294117647059,1.01492537313433,1.02446483180428,1.02238092923215,2.23809292321464,4.98533724340176,2.7,217.248828798213
"5539","2020-04-17T17:00:00","ITA",19,"Sicilia",83,"Messina","ME",38.19395845,15.55572302,467,"","","ITG13",626876,"ITG1",2020-04-17,0,0,0,0,0,0,0,0,0,0,0,0,2,2,2,2,4,9,9,9,10,11,16,16,16,39,70,112,120,139,174,221,227,279,289,305,311,319,323,337,344,353,362,370,376,399,412,422,429,436,439,449,456,467,1.02412280701754,1.01559020044543,1.02277904328018,1.00688073394495,1.02082379981042,2.08237998104226,2.41228070175439,0.3,74.4963916308807
"5540","2020-04-17T17:00:00","ITA",19,"Sicilia",82,"Palermo","PA",38.11569725,13.3623567,404,"","","ITG12",1252588,"ITG1",2020-04-17,0,3,3,3,3,3,3,3,3,3,3,5,6,6,6,10,15,26,26,26,33,37,40,47,52,59,63,92,109,170,193,205,218,232,236,253,262,276,282,290,296,299,301,317,329,346,351,363,376,385,391,393,399,404,1.0125313283208,1.01526717557252,1.00511508951407,1.01558441558442,1.01096208748996,1.09620874899607,1.25313283208019,0.2,32.2532229272514
"5541","2020-04-17T17:00:00","ITA",19,"Sicilia",88,"Ragusa","RG",36.92509198,14.73069891,69,"","","ITG18",320893,"ITG1",2020-04-17,0,0,0,0,0,0,0,0,0,0,0,1,1,1,1,1,1,2,2,2,4,4,4,6,7,7,8,9,9,9,22,28,32,32,32,35,43,44,45,46,47,48,54,54,56,58,61,64,66,67,67,68,69,69,1,1.01470588235294,1.01492537313433,1,1.00985285124465,0.985285124464652,0,-1,21.5024946010041
"5542","2020-04-17T17:00:00","ITA",19,"Sicilia",89,"Siracusa","SR",37.05991687,15.29333182,177,"","","ITG19",399224,"ITG1",2020-04-17,0,0,0,0,0,0,0,0,0,0,0,2,2,2,2,2,3,5,5,5,15,21,21,28,33,40,43,49,49,49,64,77,79,84,87,89,93,98,101,106,107,109,111,113,122,124,135,146,148,149,156,158,174,177,1.01724137931034,1.10126582278481,1.01282051282051,1.04697986577181,1.04299659192254,4.29965919225437,1.72413793103448,-2.6,44.3360118630142
"5543","2020-04-17T17:00:00","ITA",19,"Sicilia",81,"Trapani","TP",38.01850065,12.51365684,135,"","","ITG11",430492,"ITG1",2020-04-17,0,0,0,0,0,0,0,0,0,0,0,0,0,0,0,0,2,4,4,4,11,13,14,16,21,27,27,32,42,43,48,49,61,62,71,71,73,75,80,81,94,98,104,109,114,116,120,125,129,131,133,134,135,135,1,1.00746268656716,1.00751879699248,1.01526717557252,1.00498761368032,0.498761368032152,0,-0.5,31.3594677717588
"5544","2020-04-17T17:00:00","ITA",9,"Toscana",51,"Arezzo","AR",43.46642752,11.88228844,541,"","","ITE18",342654,"ITE1",2020-04-17,0,0,0,0,0,0,0,1,2,2,5,7,8,9,12,13,14,14,16,27,41,43,71,142,113,124,136,154,201,211,229,249,249,272,284,310,332,343,357,358,370,378,387,396,398,399,403,417,429,453,487,522,530,541,1.02075471698113,1.01532567049808,1.07186858316222,1.07505518763797,1.0356732709737,3.5673270973698,2.07547169811322,-1.5,157.885213655758
"5545","2020-04-17T17:00:00","ITA",9,"Toscana",48,"Firenze","FI",43.76923077,11.25588885,2494,"","","ITE14",1011349,"ITE1",2020-04-17,0,1,2,1,7,5,5,4,7,12,20,23,27,39,51,61,71,86,101,132,162,186,214,295,349,401,451,514,548,622,709,764,764,855,957,1022,1087,1158,1419,1543,1626,1715,1769,1805,1871,1961,2069,2154,2259,2269,2311,2372,2443,2494,1.02087597216537,1.02993254637437,1.02639549978364,1.01851035698546,1.0257278983841,2.57278983841005,2.08759721653704,-0.5,246.601321601149
"5546","2020-04-17T17:00:00","ITA",9,"Toscana",53,"Grosseto","GR",42.76026758,11.11356398,376,"","","ITE1A",221629,"ITE1",2020-04-17,0,0,0,0,0,0,0,0,0,0,2,2,2,4,6,10,12,16,16,31,38,50,60,68,89,97,106,120,128,140,147,174,174,234,245,251,257,263,264,264,273,277,284,290,290,292,310,323,327,368,368,368,368,376,1.02173913043478,1,1,1,1.00719449196626,0.719449196625965,2.17391304347827,1.5,169.652888385545
"5547","2020-04-17T17:00:00","ITA",9,"Toscana",49,"Livorno","LI",43.55234873,10.3086781,475,"","","ITE16",334832,"ITE1",2020-04-17,0,0,0,0,0,0,0,0,0,3,3,5,6,10,10,14,16,16,27,40,50,53,59,62,62,117,120,130,140,162,179,204,204,220,236,271,280,295,301,307,316,322,323,336,349,353,358,379,398,404,410,415,465,475,1.02150537634409,1.12048192771084,1.01219512195122,1.01485148514851,1.05027553928676,5.02755392867584,2.1505376344086,-2.9,141.86218760453
"5548","2020-04-17T17:00:00","ITA",9,"Toscana",46,"Lucca","LU",43.84432283,10.50151366,1158,"","","ITE12",387876,"ITE1",2020-04-17,0,0,0,0,0,1,1,1,3,3,6,8,15,26,31,37,43,49,79,96,130,138,179,205,230,249,307,356,363,387,436,481,481,618,672,711,729,771,802,843,855,872,888,920,954,979,988,1006,1020,1060,1061,1073,1134,1158,1.02116402116402,1.05684995340168,1.01131008482564,1.00094339622642,1.02959018027788,2.95901802778804,2.11640211640212,-0.8,298.549020821087
"5549","2020-04-17T17:00:00","ITA",9,"Toscana",50,"Pisa","PI",43.71553206,10.40127259,766,"","","ITE17",419037,"ITE1",2020-04-17,0,0,0,0,0,0,0,0,0,2,5,8,11,17,20,31,34,34,51,62,71,78,101,124,146,180,211,234,266,285,317,350,350,398,432,446,471,491,515,519,527,544,560,584,592,606,613,636,677,694,727,733,750,766,1.02133333333333,1.02319236016371,1.00825309491059,1.04755043227666,1.01757115192241,1.75711519224093,2.13333333333334,0.4,182.800086865838
"5550","2020-04-17T17:00:00","ITA",9,"Toscana",47,"Pistoia","PT",43.933465,10.91734146,547,"","","ITE13",292473,"ITE1",2020-04-17,0,1,0,1,1,1,1,1,1,1,1,1,6,13,16,21,32,43,48,63,79,90,100,122,145,171,181,215,229,243,254,264,264,298,309,324,332,333,346,361,374,394,400,404,450,457,468,490,506,509,513,516,536,547,1.0205223880597,1.03875968992248,1.00584795321637,1.00785854616896,1.02162141297493,2.16214129749257,2.05223880597014,-0.1,187.025810929556
"5551","2020-04-17T17:00:00","ITA",9,"Toscana",100,"Prato","PO",43.88062274,11.09703315,449,"","","ITE15",257716,"ITE1",2020-04-17,0,0,0,0,0,0,0,0,0,1,1,1,3,3,5,7,21,25,26,33,42,45,53,59,70,94,111,129,137,159,178,189,189,217,221,248,258,290,291,323,332,338,342,344,345,355,357,370,393,394,404,411,440,449,1.02045454545455,1.0705596107056,1.01732673267327,1.0253807106599,1.03582961904097,3.58296190409695,2.04545454545455,-1.5,174.222787875025
"5552","2020-04-17T17:00:00","ITA",9,"Toscana",52,"Siena","SI",43.31816374,11.33190988,392,"","","ITE19",267197,"ITE1",2020-04-17,0,0,0,0,0,3,3,3,3,10,12,14,19,24,29,33,37,41,41,58,60,66,73,77,78,128,133,144,160,176,193,216,216,235,273,286,301,312,334,337,339,340,350,360,361,360,363,369,371,372,373,375,384,392,1.02083333333333,1.024,1.00536193029491,1.00268817204301,1.01669903591458,1.66990359145844,2.08333333333333,0.4,146.708233999633
"5553","2020-04-17T17:00:00","ITA",4,"Trentino Alto Adige / Südtirol",22,"Trento","TN",46.06893511,11.12123097,3376,"","","ITD20",541098,"ITDA",2020-04-17,0,0,0,0,0,0,0,0,4,5,7,10,14,23,33,52,77,107,163,206,378,378,385,455,523,642,782,954,1023,1110,1222,1297,1391,1505,1594,1682,1746,1870,2003,2109,2220,2285,2348,2476,2602,2708,2816,2970,3053,3126,3141,3220,3294,3376,1.02489374620522,1.02298136645963,1.02515122572429,1.00479846449136,1.02434165530261,2.43416553026077,2.48937462052217,0.1,623.916554856976
"5554","2020-04-17T17:00:00","ITA",10,"Umbria",54,"Perugia","PG",43.10675841,12.38824698,967,"","","ITE21",656382,"ITE2",2020-04-17,0,0,0,0,0,0,2,1,1,6,6,10,15,15,12,13,26,37,47,47,86,104,129,164,236,280,329,376,424,472,523,600,658,729,775,792,813,822,844,884,905,925,929,933,941,947,950,952,956,956,957,958,963,967,1.00415368639668,1.00521920668058,1.00104493207941,1.0010460251046,1.00347104483921,0.347104483921457,0.415368639667713,0.1,147.322748033919
"5555","2020-04-17T17:00:00","ITA",10,"Umbria",55,"Terni","TR",42.56071258,12.6466875,322,"","","ITE22",225633,"ITE2",2020-04-17,0,0,0,0,0,0,0,1,1,3,3,6,9,11,16,24,18,25,29,29,57,60,63,74,84,97,115,128,134,155,163,178,195,213,218,226,230,236,246,257,263,275,284,288,303,305,306,310,316,317,317,317,318,322,1.0125786163522,1.00315457413249,1,1,1.0052302206548,0.523022065479739,1.25786163522013,0.7,142.709621376306
"5556","2020-04-17T17:00:00","ITA",5,"Veneto",25,"Belluno","BL",46.13837528,12.21704167,807,"","","ITD33",202950,"ITD3",2020-04-17,0,0,0,0,0,0,0,3,5,7,7,7,11,23,29,29,30,48,59,78,82,101,109,140,150,195,212,226,254,273,298,313,329,367,396,423,430,460,487,499,522,538,558,577,602,620,649,653,664,686,698,723,755,807,1.06887417218543,1.04426002766252,1.03581661891117,1.01749271137026,1.04955701901992,4.95570190199186,6.88741721854305,1.9,397.634885439764
"5557","2020-04-17T17:00:00","ITA",5,"Veneto",28,"Padova","PD",45.40692987,11.87608718,3591,"","","ITD36",937908,"ITD3",2020-04-17,0,30,40,59,68,81,105,135,144,162,175,198,216,255,273,296,373,439,523,611,658,715,781,882,924,1026,1155,1277,1371,1464,1636,1777,1891,2009,2124,2188,2264,2368,2489,2553,2632,2744,2863,2965,3056,3134,3206,3250,3310,3354,3407,3450,3537,3591,1.01526717557252,1.02521739130435,1.01262107425888,1.01580202742993,1.01768746164614,1.7687461646144,1.52671755725191,-0.2,382.873373507849
"5558","2020-04-17T17:00:00","ITA",5,"Veneto",29,"Rovigo","RO",45.07107289,11.79007,301,"","","ITD37",234937,"ITD3",2020-04-17,0,0,0,0,0,0,0,0,1,4,5,5,5,5,7,10,14,13,16,27,27,27,28,33,52,67,68,76,80,82,87,110,122,122,125,131,136,140,152,180,184,186,203,218,232,249,271,274,280,280,287,291,297,301,1.01346801346801,1.02061855670103,1.01393728222997,1.025,1.01600270985185,1.60027098518507,1.34680134680134,-0.3,128.119453300246
"5559","2020-04-17T17:00:00","ITA",5,"Veneto",26,"Treviso","TV",45.66754571,12.24507363,2237,"","","ITD34",887806,"ITD3",2020-04-17,0,1,2,22,23,35,43,72,82,86,89,103,110,126,136,158,185,279,327,376,413,452,502,591,637,719,806,935,999,1091,1177,1254,1310,1359,1402,1449,1522,1554,1606,1657,1687,1712,1726,1738,1863,1906,1944,1973,1983,1983,2032,2033,2135,2237,1.04777517564403,1.05017215937039,1.00049212598425,1.02471003530005,1.03255713849018,3.25571384901835,4.77751756440281,1.5,251.969461796834
"5560","2020-04-17T17:00:00","ITA",5,"Veneto",27,"Venezia","VE",45.43490485,12.33845213,2096,"","","ITD35",853338,"ITD3",2020-04-17,0,7,8,14,15,19,24,48,48,59,73,85,100,126,130,152,179,205,248,282,328,356,378,426,475,574,666,732,799,837,874,920,955,1019,1067,1107,1170,1231,1293,1321,1362,1425,1487,1543,1630,1751,1780,1883,1957,1983,2008,2013,2036,2096,1.0294695481336,1.01142573273721,1.00249003984064,1.01260716086737,1.01439988183148,1.43998818314823,2.94695481335954,1.5,245.623656745627
"5561","2020-04-17T17:00:00","ITA",5,"Veneto",23,"Verona","VR",45.43839046,10.99352685,3805,"","","ITD31",926497,"ITD3",2020-04-17,0,0,0,0,0,0,2,8,17,21,25,42,52,63,73,96,110,150,210,275,335,425,481,626,686,784,954,1046,1099,1228,1304,1402,1645,1754,1876,1982,2112,2287,2405,2488,2547,2688,2755,2856,2920,3049,3257,3402,3495,3547,3572,3649,3730,3805,1.0201072386059,1.02219786242806,1.02155655095185,1.00704820975472,1.02128684284491,2.12868428449051,2.0107238605898,-0.1,410.686704867906
"5562","2020-04-17T17:00:00","ITA",5,"Veneto",24,"Vicenza","VI",45.547497,11.54597109,2200,"","","ITD32",862418,"ITD3",2020-04-17,0,0,0,3,3,3,3,3,5,10,19,24,37,50,53,73,92,122,141,164,235,287,325,393,424,518,572,631,691,744,824,899,966,1036,1104,1168,1242,1327,1434,1514,1608,1647,1704,1734,1782,1885,1953,2009,2055,2080,2089,2136,2170,2200,1.01382488479263,1.01591760299625,1.02249880325515,1.00432692307692,1.01740705995649,1.74070599564888,1.38248847926268,-0.4,255.096716441447
